-- MySQL dump 10.13  Distrib 8.0.33, for Win64 (x86_64)
--
-- Host: localhost    Database: tgbooking
-- ------------------------------------------------------
-- Server version	8.0.32

/*!40101 SET @OLD_CHARACTER_SET_CLIENT=@@CHARACTER_SET_CLIENT */;
/*!40101 SET @OLD_CHARACTER_SET_RESULTS=@@CHARACTER_SET_RESULTS */;
/*!40101 SET @OLD_COLLATION_CONNECTION=@@COLLATION_CONNECTION */;
/*!50503 SET NAMES utf8 */;
/*!40103 SET @OLD_TIME_ZONE=@@TIME_ZONE */;
/*!40103 SET TIME_ZONE='+00:00' */;
/*!40014 SET @OLD_UNIQUE_CHECKS=@@UNIQUE_CHECKS, UNIQUE_CHECKS=0 */;
/*!40014 SET @OLD_FOREIGN_KEY_CHECKS=@@FOREIGN_KEY_CHECKS, FOREIGN_KEY_CHECKS=0 */;
/*!40101 SET @OLD_SQL_MODE=@@SQL_MODE, SQL_MODE='NO_AUTO_VALUE_ON_ZERO' */;
/*!40111 SET @OLD_SQL_NOTES=@@SQL_NOTES, SQL_NOTES=0 */;

--
-- Table structure for table `clients`
--

DROP TABLE IF EXISTS `clients`;
/*!40101 SET @saved_cs_client     = @@character_set_client */;
/*!50503 SET character_set_client = utf8mb4 */;
CREATE TABLE `clients` (
  `id` int NOT NULL AUTO_INCREMENT,
  `name` varchar(255) NOT NULL,
  PRIMARY KEY (`id`)
) ENGINE=InnoDB AUTO_INCREMENT=68 DEFAULT CHARSET=utf8mb4 COLLATE=utf8mb4_0900_ai_ci;
/*!40101 SET character_set_client = @saved_cs_client */;

--
-- Dumping data for table `clients`
--

LOCK TABLES `clients` WRITE;
/*!40000 ALTER TABLE `clients` DISABLE KEYS */;
INSERT INTO `clients` VALUES (2,'Пархоменко'),(3,'Смирнов'),(21,'Куваев'),(22,'Зубаревич'),(23,'Зубов'),(28,'Новашов'),(37,'Гаврилов'),(38,'Федоров'),(41,'ШУТОВА ЛИЛИЯ'),(42,'МАДАН АННА'),(43,'ГОВЕРДОВА КРИСТИНА АЛЕКСАНДРОВНА'),(44,'УСТЮЖАНИНА АННА'),(45,'ТЕЛЕГИНА НАТАЛЬЯ'),(46,'ЗИНЧЕНКО МАРИЯ'),(47,'БОГДАНОВИЧ ИННА ГЕННАДЬЕВНА'),(48,'СОЛОНИНА ВЕРА'),(49,'ШТЕБА АЛЕКСАНДР'),(50,'ШТЕБА ВИТАЛИЙ'),(51,'ЮРЬЕВА КАТЕРИНА'),(52,'КУЗНЕЦОВА ЛИНА АРСЕНТЬЕВНА'),(53,'ДЕМЬЯНЦЕВА ЕЛЕНА'),(54,'КАПЛИНА НАТАЛЬЯ'),(55,'МИЛОВА СВЕТЛАНА'),(56,'ВОРОНЦОВА ВАЛЕНТИНА'),(57,'ТИМОШЕНКО АЛЕНА'),(58,'МОСИНА ТАТЬЯНА'),(59,'МУСИЕНКО НАТАЛЬЯ'),(60,'Гречкин');
/*!40000 ALTER TABLE `clients` ENABLE KEYS */;
UNLOCK TABLES;

--
-- Table structure for table `masters`
--

DROP TABLE IF EXISTS `masters`;
/*!40101 SET @saved_cs_client     = @@character_set_client */;
/*!50503 SET character_set_client = utf8mb4 */;
CREATE TABLE `masters` (
  `id` int NOT NULL AUTO_INCREMENT,
  `name` varchar(255) NOT NULL,
  `ProfessionId` int DEFAULT NULL,
  PRIMARY KEY (`id`),
  KEY `ProfessionId` (`ProfessionId`),
  CONSTRAINT `masters_ibfk_1` FOREIGN KEY (`ProfessionId`) REFERENCES `professions` (`id`) ON DELETE SET NULL ON UPDATE CASCADE
) ENGINE=InnoDB AUTO_INCREMENT=38 DEFAULT CHARSET=utf8mb4 COLLATE=utf8mb4_0900_ai_ci;
/*!40101 SET character_set_client = @saved_cs_client */;

--
-- Dumping data for table `masters`
--

LOCK TABLES `masters` WRITE;
/*!40000 ALTER TABLE `masters` DISABLE KEYS */;
INSERT INTO `masters` VALUES (21,'Аргутов',1),(22,'Зиборова',1),(23,'Закарьян',2),(37,'Малютченко',35);
/*!40000 ALTER TABLE `masters` ENABLE KEYS */;
UNLOCK TABLES;

--
-- Table structure for table `masterservice`
--

DROP TABLE IF EXISTS `masterservice`;
/*!40101 SET @saved_cs_client     = @@character_set_client */;
/*!50503 SET character_set_client = utf8mb4 */;
CREATE TABLE `masterservice` (
  `createdAt` datetime NOT NULL,
  `updatedAt` datetime NOT NULL,
  `ServiceId` int NOT NULL,
  `MasterId` int NOT NULL,
  PRIMARY KEY (`ServiceId`,`MasterId`),
  KEY `MasterId` (`MasterId`),
  CONSTRAINT `masterservice_ibfk_1` FOREIGN KEY (`ServiceId`) REFERENCES `services` (`id`) ON DELETE CASCADE ON UPDATE CASCADE,
  CONSTRAINT `masterservice_ibfk_2` FOREIGN KEY (`MasterId`) REFERENCES `masters` (`id`) ON DELETE CASCADE ON UPDATE CASCADE
) ENGINE=InnoDB DEFAULT CHARSET=utf8mb4 COLLATE=utf8mb4_0900_ai_ci;
/*!40101 SET character_set_client = @saved_cs_client */;

--
-- Dumping data for table `masterservice`
--

LOCK TABLES `masterservice` WRITE;
/*!40000 ALTER TABLE `masterservice` DISABLE KEYS */;
INSERT INTO `masterservice` VALUES ('2023-02-10 13:55:44','2023-02-10 13:55:44',1,21),('2023-02-10 13:58:56','2023-02-10 13:58:56',1,22),('2023-02-10 13:55:43','2023-02-10 13:55:44',2,21),('2023-02-10 13:58:56','2023-02-10 13:58:56',2,22),('2023-02-10 13:56:52','2023-02-10 13:56:52',5,21),('2023-02-10 14:07:05','2023-02-10 14:07:05',5,22),('2023-02-10 13:56:52','2023-02-10 13:56:52',6,23),('2023-02-10 13:58:12','2023-02-10 13:58:12',7,23);
/*!40000 ALTER TABLE `masterservice` ENABLE KEYS */;
UNLOCK TABLES;

--
-- Table structure for table `professions`
--

DROP TABLE IF EXISTS `professions`;
/*!40101 SET @saved_cs_client     = @@character_set_client */;
/*!50503 SET character_set_client = utf8mb4 */;
CREATE TABLE `professions` (
  `id` int NOT NULL AUTO_INCREMENT,
  `name` varchar(255) NOT NULL,
  PRIMARY KEY (`id`)
) ENGINE=InnoDB AUTO_INCREMENT=47 DEFAULT CHARSET=utf8mb4 COLLATE=utf8mb4_0900_ai_ci;
/*!40101 SET character_set_client = @saved_cs_client */;

--
-- Dumping data for table `professions`
--

LOCK TABLES `professions` WRITE;
/*!40000 ALTER TABLE `professions` DISABLE KEYS */;
INSERT INTO `professions` VALUES (1,'Парикмахер'),(2,'Мастер маникюра'),(35,'Косметолог');
/*!40000 ALTER TABLE `professions` ENABLE KEYS */;
UNLOCK TABLES;

--
-- Table structure for table `services`
--

DROP TABLE IF EXISTS `services`;
/*!40101 SET @saved_cs_client     = @@character_set_client */;
/*!50503 SET character_set_client = utf8mb4 */;
CREATE TABLE `services` (
  `id` int NOT NULL AUTO_INCREMENT,
  `name` varchar(255) DEFAULT NULL,
  `ProfessionId` int DEFAULT NULL,
  PRIMARY KEY (`id`),
  KEY `ProfessionId` (`ProfessionId`),
  CONSTRAINT `services_ibfk_1` FOREIGN KEY (`ProfessionId`) REFERENCES `professions` (`id`) ON DELETE SET NULL ON UPDATE CASCADE
) ENGINE=InnoDB AUTO_INCREMENT=25 DEFAULT CHARSET=utf8mb4 COLLATE=utf8mb4_0900_ai_ci;
/*!40101 SET character_set_client = @saved_cs_client */;

--
-- Dumping data for table `services`
--

LOCK TABLES `services` WRITE;
/*!40000 ALTER TABLE `services` DISABLE KEYS */;
INSERT INTO `services` VALUES (1,'Стрижка',1),(2,'Окрашивание',1),(5,'Укладка',1),(6,'Маникюр',2),(7,'Педикюр',2),(8,'Мезотерапия',35),(10,'Омоложение',35),(13,'Массаж',35),(14,'Программа Holyland',35),(15,'Депиляция',35),(16,'JM стрижка',1),(24,'Услуги парикмахеров',1);
/*!40000 ALTER TABLE `services` ENABLE KEYS */;
UNLOCK TABLES;

--
-- Table structure for table `test_table`
--

DROP TABLE IF EXISTS `test_table`;
/*!40101 SET @saved_cs_client     = @@character_set_client */;
/*!50503 SET character_set_client = utf8mb4 */;
CREATE TABLE `test_table` (
  `id` int NOT NULL AUTO_INCREMENT,
  `timeFrom` datetime NOT NULL,
  `MasterId` int NOT NULL,
  PRIMARY KEY (`id`)
) ENGINE=InnoDB AUTO_INCREMENT=4 DEFAULT CHARSET=utf8mb4 COLLATE=utf8mb4_0900_ai_ci;
/*!40101 SET character_set_client = @saved_cs_client */;

--
-- Dumping data for table `test_table`
--

LOCK TABLES `test_table` WRITE;
/*!40000 ALTER TABLE `test_table` DISABLE KEYS */;
INSERT INTO `test_table` VALUES (1,'2023-04-13 18:00:00',0),(2,'2023-04-13 19:00:00',0),(3,'2023-04-13 18:30:00',24);
/*!40000 ALTER TABLE `test_table` ENABLE KEYS */;
UNLOCK TABLES;

--
-- Table structure for table `timetable`
--

DROP TABLE IF EXISTS `timetable`;
/*!40101 SET @saved_cs_client     = @@character_set_client */;
/*!50503 SET character_set_client = utf8mb4 */;
CREATE TABLE `timetable` (
  `id` int NOT NULL AUTO_INCREMENT,
  `timeFrom` datetime DEFAULT NULL,
  `timeTo` datetime DEFAULT NULL,
  `MasterId` int DEFAULT NULL,
  PRIMARY KEY (`id`),
  KEY `MasterId` (`MasterId`),
  CONSTRAINT `timetable_ibfk_1` FOREIGN KEY (`MasterId`) REFERENCES `masters` (`id`) ON DELETE SET NULL ON UPDATE CASCADE
) ENGINE=InnoDB AUTO_INCREMENT=634 DEFAULT CHARSET=utf8mb4 COLLATE=utf8mb4_0900_ai_ci;
/*!40101 SET character_set_client = @saved_cs_client */;

--
-- Dumping data for table `timetable`
--

LOCK TABLES `timetable` WRITE;
/*!40000 ALTER TABLE `timetable` DISABLE KEYS */;
INSERT INTO `timetable` VALUES (373,'2023-04-10 05:00:00','2023-04-10 12:00:00',23),(374,'2023-04-08 05:00:00','2023-04-08 12:00:00',23),(375,'2023-04-04 05:00:00','2023-04-04 12:00:00',23),(376,'2023-04-02 05:00:00','2023-04-02 12:00:00',23),(377,'2023-04-12 05:00:00','2023-04-12 12:00:00',23),(378,'2023-04-14 05:00:00','2023-04-14 12:00:00',23),(379,'2023-04-18 05:00:00','2023-04-18 12:00:00',23),(380,'2023-04-22 05:00:00','2023-04-22 12:00:00',23),(381,'2023-04-24 05:00:00','2023-04-24 12:00:00',23),(382,'2023-04-26 05:00:00','2023-04-26 12:00:00',23),(383,'2023-04-28 05:00:00','2023-04-28 12:00:00',23),(384,'2023-04-30 05:00:00','2023-04-30 12:00:00',23),(385,'2023-03-01 05:00:00','2023-03-01 12:00:00',23),(386,'2023-03-03 05:00:00','2023-03-03 12:00:00',23),(387,'2023-03-05 05:00:00','2023-03-05 12:00:00',23),(388,'2023-03-07 05:00:00','2023-03-07 12:00:00',23),(389,'2023-03-11 05:00:00','2023-03-11 12:00:00',23),(390,'2023-03-13 05:00:00','2023-03-13 12:00:00',23),(391,'2023-03-15 05:00:00','2023-03-15 12:00:00',23),(392,'2023-03-17 05:00:00','2023-03-17 12:00:00',23),(393,'2023-03-19 05:00:00','2023-03-19 12:00:00',23),(394,'2023-03-21 05:00:00','2023-03-21 12:00:00',23),(395,'2023-03-04 12:00:00','2023-03-04 18:00:00',23),(396,'2023-03-06 12:00:00','2023-03-06 18:00:00',23),(397,'2023-03-08 12:00:00','2023-03-08 18:00:00',23),(398,'2023-03-10 12:00:00','2023-03-10 18:00:00',23),(399,'2023-03-12 12:00:00','2023-03-12 18:00:00',23),(400,'2023-03-14 12:00:00','2023-03-14 18:00:00',23),(401,'2023-03-18 12:00:00','2023-03-18 18:00:00',23),(402,'2023-03-20 12:00:00','2023-03-20 18:00:00',23),(403,'2023-03-22 12:00:00','2023-03-22 18:00:00',23),(404,'2023-03-24 12:00:00','2023-03-24 18:00:00',23),(405,'2023-04-01 12:00:00','2023-04-01 18:00:00',23),(406,'2023-04-03 12:00:00','2023-04-03 18:00:00',23),(407,'2023-04-05 12:00:00','2023-04-05 18:00:00',23),(408,'2023-04-07 12:00:00','2023-04-07 18:00:00',23),(409,'2023-04-09 12:00:00','2023-04-09 18:00:00',23),(410,'2023-04-11 12:00:00','2023-04-11 18:00:00',23),(411,'2023-04-15 12:00:00','2023-04-15 18:00:00',23),(412,'2023-04-17 12:00:00','2023-04-17 18:00:00',23),(413,'2023-04-19 12:00:00','2023-04-19 18:00:00',23),(414,'2023-04-21 12:00:00','2023-04-21 18:00:00',23),(415,'2023-04-23 12:00:00','2023-04-23 18:00:00',23),(416,'2023-04-25 12:00:00','2023-04-25 18:00:00',23),(417,'2023-04-29 12:00:00','2023-04-29 18:00:00',23),(421,'2023-03-15 05:00:00','2023-03-15 12:00:00',21),(422,'2023-03-17 05:00:00','2023-03-17 12:00:00',21),(423,'2023-03-23 05:00:00','2023-03-23 12:00:00',21),(424,'2023-03-25 05:00:00','2023-03-25 12:00:00',21),(425,'2023-03-27 05:00:00','2023-03-27 12:00:00',21),(426,'2023-03-29 05:00:00','2023-03-29 12:00:00',21),(427,'2023-03-31 05:00:00','2023-03-31 12:00:00',21),(428,'2023-03-19 05:00:00','2023-03-19 18:00:00',21),(429,'2023-04-02 05:00:00','2023-04-02 12:00:00',21),(430,'2023-04-06 05:00:00','2023-04-06 12:00:00',21),(431,'2023-04-08 05:00:00','2023-04-08 12:00:00',21),(432,'2023-04-10 05:00:00','2023-04-10 12:00:00',21),(433,'2023-04-14 05:00:00','2023-04-14 12:00:00',21),(434,'2023-04-20 05:00:00','2023-04-20 12:00:00',21),(435,'2023-04-22 05:00:00','2023-04-22 12:00:00',21),(436,'2023-04-24 05:00:00','2023-04-24 12:00:00',21),(437,'2023-04-26 05:00:00','2023-04-26 12:00:00',21),(438,'2023-04-28 05:00:00','2023-04-28 12:00:00',21),(439,'2023-04-30 05:00:00','2023-04-30 12:00:00',21),(440,'2023-04-23 05:00:00','2023-04-23 18:00:00',21),(441,'2023-04-19 05:00:00','2023-04-19 18:00:00',21),(442,'2023-04-12 05:00:00','2023-04-12 18:00:00',21),(443,'2023-03-02 12:00:00','2023-03-02 18:00:00',21),(444,'2023-03-04 12:00:00','2023-03-04 18:00:00',21),(445,'2023-03-16 12:00:00','2023-03-16 18:00:00',21),(446,'2023-03-18 12:00:00','2023-03-18 18:00:00',21),(447,'2023-03-20 12:00:00','2023-03-20 18:00:00',21),(448,'2023-03-22 12:00:00','2023-03-22 18:00:00',21),(449,'2023-03-24 12:00:00','2023-03-24 18:00:00',21),(450,'2023-03-30 12:00:00','2023-03-30 18:00:00',21),(452,'2023-04-03 12:00:00','2023-04-03 18:00:00',21),(453,'2023-04-05 12:00:00','2023-04-05 18:00:00',21),(454,'2023-04-07 12:00:00','2023-04-07 18:00:00',21),(455,'2023-04-09 12:00:00','2023-04-09 18:00:00',21),(456,'2023-04-13 12:00:00','2023-04-13 18:00:00',21),(457,'2023-04-15 12:00:00','2023-04-15 18:00:00',21),(458,'2023-04-17 12:00:00','2023-04-17 18:00:00',21),(459,'2023-04-21 12:00:00','2023-04-21 18:00:00',21),(460,'2023-04-27 12:00:00','2023-04-27 18:00:00',21),(461,'2023-04-29 12:00:00','2023-04-29 18:00:00',21),(462,'2023-03-01 05:00:00','2023-03-01 12:00:00',21),(463,'2023-03-03 05:00:00','2023-03-03 12:00:00',21),(464,'2023-03-05 05:00:00','2023-03-05 12:00:00',21),(466,'2023-04-01 12:00:00','2023-04-01 18:00:00',21),(467,'2023-03-01 12:00:00','2023-03-01 18:00:00',37),(468,'2023-03-02 12:00:00','2023-03-02 18:00:00',37),(469,'2023-03-03 12:00:00','2023-03-03 18:00:00',37),(470,'2023-03-07 12:00:00','2023-03-07 18:00:00',37),(471,'2023-03-08 12:00:00','2023-03-08 18:00:00',37),(472,'2023-03-09 12:00:00','2023-03-09 18:00:00',37),(473,'2023-03-10 12:00:00','2023-03-10 18:00:00',37),(474,'2023-03-14 12:00:00','2023-03-14 18:00:00',37),(475,'2023-03-15 12:00:00','2023-03-15 18:00:00',37),(476,'2023-03-16 12:00:00','2023-03-16 18:00:00',37),(477,'2023-03-17 12:00:00','2023-03-17 18:00:00',37),(478,'2023-03-21 12:00:00','2023-03-21 18:00:00',37),(479,'2023-03-22 12:00:00','2023-03-22 18:00:00',37),(480,'2023-03-23 12:00:00','2023-03-23 18:00:00',37),(481,'2023-03-24 12:00:00','2023-03-24 18:00:00',37),(482,'2023-03-30 12:00:00','2023-03-30 18:00:00',37),(483,'2023-03-31 12:00:00','2023-03-31 18:00:00',37),(484,'2023-03-29 12:00:00','2023-03-29 18:00:00',37),(485,'2023-03-28 12:00:00','2023-03-28 18:00:00',37),(486,'2023-03-04 05:00:00','2023-03-04 12:00:00',37),(487,'2023-03-11 05:00:00','2023-03-11 12:00:00',37),(488,'2023-03-18 05:00:00','2023-03-18 12:00:00',37),(489,'2023-03-25 05:00:00','2023-03-25 12:00:00',37),(490,'2023-04-01 05:00:00','2023-04-01 12:00:00',37),(491,'2023-04-08 05:00:00','2023-04-08 12:00:00',37),(492,'2023-04-15 05:00:00','2023-04-15 12:00:00',37),(493,'2023-04-29 05:00:00','2023-04-29 12:00:00',37),(494,'2023-04-22 05:00:00','2023-04-22 12:00:00',37),(495,'2023-04-28 12:00:00','2023-04-28 18:00:00',37),(496,'2023-04-27 12:00:00','2023-04-27 18:00:00',37),(497,'2023-04-26 12:00:00','2023-04-26 18:00:00',37),(498,'2023-04-25 12:00:00','2023-04-25 18:00:00',37),(499,'2023-04-21 12:00:00','2023-04-21 18:00:00',37),(500,'2023-04-20 12:00:00','2023-04-20 18:00:00',37),(501,'2023-04-19 12:00:00','2023-04-19 18:00:00',37),(502,'2023-04-18 12:00:00','2023-04-18 18:00:00',37),(503,'2023-04-14 12:00:00','2023-04-14 18:00:00',37),(504,'2023-04-13 12:00:00','2023-04-13 18:00:00',37),(505,'2023-04-12 12:00:00','2023-04-12 18:00:00',37),(506,'2023-04-11 12:00:00','2023-04-11 18:00:00',37),(507,'2023-04-07 12:00:00','2023-04-07 18:00:00',37),(508,'2023-04-06 12:00:00','2023-04-06 18:00:00',37),(509,'2023-04-05 12:00:00','2023-04-05 18:00:00',37),(510,'2023-04-04 12:00:00','2023-04-04 18:00:00',37),(512,'2023-03-01 05:00:00','2023-03-01 12:00:00',22),(513,'2023-03-02 12:00:00','2023-03-02 18:00:00',22),(514,'2023-03-06 12:00:00','2023-03-06 18:00:00',22),(515,'2023-03-08 12:00:00','2023-03-08 18:00:00',22),(516,'2023-03-10 12:00:00','2023-03-10 18:00:00',22),(517,'2023-03-13 12:00:00','2023-03-13 18:00:00',22),(518,'2023-03-14 12:00:00','2023-03-14 18:00:00',22),(519,'2023-03-16 12:00:00','2023-03-16 18:00:00',22),(520,'2023-03-20 12:00:00','2023-03-20 18:00:00',22),(521,'2023-03-22 12:00:00','2023-03-22 18:00:00',22),(522,'2023-03-24 12:00:00','2023-03-24 18:00:00',22),(523,'2023-03-27 12:00:00','2023-03-27 18:00:00',22),(524,'2023-03-28 12:00:00','2023-03-28 18:00:00',22),(525,'2023-03-30 12:00:00','2023-03-30 18:00:00',22),(526,'2023-03-31 05:00:00','2023-03-31 12:00:00',22),(527,'2023-03-29 05:00:00','2023-03-29 12:00:00',22),(528,'2023-03-25 05:00:00','2023-03-25 12:00:00',22),(529,'2023-03-23 05:00:00','2023-03-23 12:00:00',22),(530,'2023-03-21 05:00:00','2023-03-21 12:00:00',22),(531,'2023-03-18 05:00:00','2023-03-18 12:00:00',22),(532,'2023-03-17 05:00:00','2023-03-17 12:00:00',22),(533,'2023-03-15 05:00:00','2023-03-15 12:00:00',22),(534,'2023-03-11 05:00:00','2023-03-11 12:00:00',22),(535,'2023-03-09 05:00:00','2023-03-09 12:00:00',22),(536,'2023-03-07 05:00:00','2023-03-07 12:00:00',22),(537,'2023-03-04 05:00:00','2023-03-04 12:00:00',22),(538,'2023-03-03 05:00:00','2023-03-03 12:00:00',22),(539,'2023-04-01 05:00:00','2023-04-01 12:00:00',22),(540,'2023-04-04 05:00:00','2023-04-04 12:00:00',22),(541,'2023-04-06 05:00:00','2023-04-06 12:00:00',22),(542,'2023-04-08 05:00:00','2023-04-08 12:00:00',22),(543,'2023-04-12 05:00:00','2023-04-12 12:00:00',22),(544,'2023-04-14 05:00:00','2023-04-14 12:00:00',22),(545,'2023-04-15 05:00:00','2023-04-15 12:00:00',22),(546,'2023-04-18 05:00:00','2023-04-18 12:00:00',22),(547,'2023-04-20 05:00:00','2023-04-20 12:00:00',22),(548,'2023-04-22 05:00:00','2023-04-22 12:00:00',22),(549,'2023-04-26 05:00:00','2023-04-26 12:00:00',22),(550,'2023-04-28 05:00:00','2023-04-28 12:00:00',22),(551,'2023-04-29 05:00:00','2023-04-29 12:00:00',22),(552,'2023-04-27 12:00:00','2023-04-27 18:00:00',22),(553,'2023-04-25 12:00:00','2023-04-25 18:00:00',22),(554,'2023-04-24 12:00:00','2023-04-24 18:00:00',22),(555,'2023-04-21 12:00:00','2023-04-21 18:00:00',22),(556,'2023-04-19 12:00:00','2023-04-19 18:00:00',22),(557,'2023-04-17 12:00:00','2023-04-17 18:00:00',22),(558,'2023-04-13 12:00:00','2023-04-13 18:00:00',22),(559,'2023-04-11 12:00:00','2023-04-11 18:00:00',22),(560,'2023-04-10 12:00:00','2023-04-10 18:00:00',22),(561,'2023-04-07 12:00:00','2023-04-07 18:00:00',22),(562,'2023-04-05 12:00:00','2023-04-05 18:00:00',22),(563,'2023-04-03 12:00:00','2023-04-03 18:00:00',22),(569,'2023-05-01 05:00:00','2023-05-01 12:00:00',21),(570,'2023-05-03 05:00:00','2023-05-03 12:00:00',21),(571,'2023-05-05 05:00:00','2023-05-05 12:00:00',21),(572,'2023-05-07 05:00:00','2023-05-07 12:00:00',21),(573,'2023-05-08 05:00:00','2023-05-08 12:00:00',21),(574,'2023-05-10 05:00:00','2023-05-10 12:00:00',21),(575,'2023-05-12 05:00:00','2023-05-12 12:00:00',21),(576,'2023-05-14 05:00:00','2023-05-14 12:00:00',21),(577,'2023-05-15 05:00:00','2023-05-15 12:00:00',21),(578,'2023-05-17 05:00:00','2023-05-17 12:00:00',21),(579,'2023-05-19 05:00:00','2023-05-19 12:00:00',21),(580,'2023-05-21 05:00:00','2023-05-21 12:00:00',21),(581,'2023-05-22 05:00:00','2023-05-22 12:00:00',21),(582,'2023-05-24 05:00:00','2023-05-24 12:00:00',21),(583,'2023-05-26 05:00:00','2023-05-26 12:00:00',21),(584,'2023-05-28 05:00:00','2023-05-28 12:00:00',21),(585,'2023-05-29 05:00:00','2023-05-29 12:00:00',21),(586,'2023-05-31 05:00:00','2023-05-31 12:00:00',21),(587,'2023-05-04 12:00:00','2023-05-04 18:00:00',21),(588,'2023-05-06 12:00:00','2023-05-06 18:00:00',21),(589,'2023-05-11 12:00:00','2023-05-11 18:00:00',21),(590,'2023-05-13 12:00:00','2023-05-13 18:00:00',21),(591,'2023-05-18 12:00:00','2023-05-18 18:00:00',21),(592,'2023-05-20 12:00:00','2023-05-20 18:00:00',21),(593,'2023-05-25 12:00:00','2023-05-25 18:00:00',21),(594,'2023-05-27 12:00:00','2023-05-27 18:00:00',21),(595,'2023-05-01 05:00:00','2023-05-01 12:00:00',23),(596,'2023-05-03 05:00:00','2023-05-03 12:00:00',23),(597,'2023-05-05 05:00:00','2023-05-05 12:00:00',23),(598,'2023-05-07 05:00:00','2023-05-07 12:00:00',23),(599,'2023-05-15 05:00:00','2023-05-15 12:00:00',23),(600,'2023-05-17 05:00:00','2023-05-17 12:00:00',23),(601,'2023-05-19 05:00:00','2023-05-19 12:00:00',23),(602,'2023-05-21 05:00:00','2023-05-21 12:00:00',23),(603,'2023-05-29 05:00:00','2023-05-29 12:00:00',23),(604,'2023-05-31 05:00:00','2023-05-31 12:00:00',23),(605,'2023-05-08 12:00:00','2023-05-08 18:00:00',23),(606,'2023-05-10 12:00:00','2023-05-10 18:00:00',23),(607,'2023-05-12 12:00:00','2023-05-12 18:00:00',23),(608,'2023-05-14 12:00:00','2023-05-14 18:00:00',23),(609,'2023-05-22 12:00:00','2023-05-22 18:00:00',23),(610,'2023-05-24 12:00:00','2023-05-24 18:00:00',23),(611,'2023-05-26 12:00:00','2023-05-26 18:00:00',23),(612,'2023-05-28 12:00:00','2023-05-28 18:00:00',23),(613,'2023-05-02 12:00:00','2023-05-02 18:00:00',23),(614,'2023-05-04 12:00:00','2023-05-04 18:00:00',23),(615,'2023-05-16 12:00:00','2023-05-16 18:00:00',23),(616,'2023-05-18 12:00:00','2023-05-18 18:00:00',23),(617,'2023-05-30 12:00:00','2023-05-30 18:00:00',23),(618,'2023-05-09 05:00:00','2023-05-09 12:00:00',23),(619,'2023-05-11 05:00:00','2023-05-11 12:00:00',23),(620,'2023-05-23 05:00:00','2023-05-23 12:00:00',23),(621,'2023-05-25 05:00:00','2023-05-25 12:00:00',23);
/*!40000 ALTER TABLE `timetable` ENABLE KEYS */;
UNLOCK TABLES;

--
-- Table structure for table `workshedules`
--

DROP TABLE IF EXISTS `workshedules`;
/*!40101 SET @saved_cs_client     = @@character_set_client */;
/*!50503 SET character_set_client = utf8mb4 */;
CREATE TABLE `workshedules` (
  `id` int NOT NULL AUTO_INCREMENT,
  `timeFrom` datetime DEFAULT NULL,
  `timeTo` datetime DEFAULT NULL,
  `MasterId` int DEFAULT NULL,
  `ClientId` int DEFAULT NULL,
  `ServiceId` int DEFAULT NULL,
  PRIMARY KEY (`id`),
  KEY `MasterId` (`MasterId`),
  KEY `ClientId` (`ClientId`),
  KEY `ServiceId` (`ServiceId`),
  CONSTRAINT `workshedules_ibfk_1426` FOREIGN KEY (`MasterId`) REFERENCES `masters` (`id`) ON DELETE SET NULL ON UPDATE CASCADE,
  CONSTRAINT `workshedules_ibfk_1427` FOREIGN KEY (`ClientId`) REFERENCES `clients` (`id`) ON DELETE SET NULL ON UPDATE CASCADE,
  CONSTRAINT `workshedules_ibfk_1428` FOREIGN KEY (`ServiceId`) REFERENCES `services` (`id`) ON DELETE SET NULL ON UPDATE CASCADE
) ENGINE=InnoDB AUTO_INCREMENT=128 DEFAULT CHARSET=utf8mb4 COLLATE=utf8mb4_0900_ai_ci;
/*!40101 SET character_set_client = @saved_cs_client */;

--
-- Dumping data for table `workshedules`
--

LOCK TABLES `workshedules` WRITE;
/*!40000 ALTER TABLE `workshedules` DISABLE KEYS */;
INSERT INTO `workshedules` VALUES (109,'2023-04-14 06:00:00','2023-04-14 07:00:00',21,2,1),(110,'2023-04-14 08:00:00','2023-04-14 09:30:00',23,3,2),(111,'2023-04-26 10:00:00','2023-04-26 11:00:00',21,21,1),(118,'2023-05-02 12:00:00','2023-05-02 14:00:00',23,3,2),(119,'2023-05-05 05:00:00','2023-05-05 07:00:00',21,58,2),(124,'2023-05-10 06:00:00','2023-05-10 07:30:00',21,22,1),(127,'2023-05-11 05:00:00','2023-05-11 06:00:00',23,3,16);
/*!40000 ALTER TABLE `workshedules` ENABLE KEYS */;
UNLOCK TABLES;
/*!40103 SET TIME_ZONE=@OLD_TIME_ZONE */;

/*!40101 SET SQL_MODE=@OLD_SQL_MODE */;
/*!40014 SET FOREIGN_KEY_CHECKS=@OLD_FOREIGN_KEY_CHECKS */;
/*!40014 SET UNIQUE_CHECKS=@OLD_UNIQUE_CHECKS */;
/*!40101 SET CHARACTER_SET_CLIENT=@OLD_CHARACTER_SET_CLIENT */;
/*!40101 SET CHARACTER_SET_RESULTS=@OLD_CHARACTER_SET_RESULTS */;
/*!40101 SET COLLATION_CONNECTION=@OLD_COLLATION_CONNECTION */;
/*!40111 SET SQL_NOTES=@OLD_SQL_NOTES */;

-- Dump completed on 2023-05-11 14:29:00
